,Name,state,summit_elev,vertical_drop,base_elev,trams,fastEight,fastSixes,fastQuads,quad,triple,double,surface,total_chairs,Runs,TerrainParks,LongestRun_mi,SkiableTerrain_ac,Snow Making_ac,daysOpenLastYear,yearsOpen,averageSnowfall,AdultWeekday,AdultWeekend,projectedDaysOpen,NightSkiing_ac,clusters
0,Alyeska Resort,Alaska,3939,2500,250,1,0,0,2,2,0,0,2,7,76,2,1.0,1610.0,113.0,150,60,669.0,65.0,85.0,150,550.0,1
1,Eaglecrest Ski Area,Alaska,2600,1540,1200,0,0,0,0,0,0,4,0,4,36,1,2.0,640.0,60.0,45,44,350.0,47.0,53.0,90,0.0,1
2,Hilltop Ski Area,Alaska,2090,294,1796,0,0,0,0,0,1,0,2,3,13,1,1.0,30.0,30.0,150,36,69.0,30.0,34.0,152,30.0,1
3,Arizona Snowbowl,Arizona,11500,2300,9200,0,0,1,0,2,2,1,2,8,55,4,2.0,777.0,104.0,122,81,260.0,89.0,89.0,122,0.0,0
4,Sunrise Park Resort,Arizona,11100,1800,9200,0,0,0,1,2,3,1,0,7,65,2,1.2,800.0,80.0,115,49,250.0,74.0,78.0,104,80.0,0
6,Bear Mountain,California,8805,1665,7140,0,0,0,2,1,2,3,4,12,27,14,1.5,198.0,198.0,122,76,100.0,57.92,64.17,130,0.0,2
7,Bear Valley,California,8500,1900,6600,0,0,1,1,0,2,4,2,10,67,2,1.2,1680.0,100.0,165,52,359.0,57.92,64.17,151,0.0,2
8,Boreal Mountain Resort,California,7700,500,7200,0,0,0,1,1,3,1,2,8,33,6,1.0,380.0,200.0,150,54,400.0,49.0,64.17,150,200.0,2
9,Dodge Ridge,California,8200,1600,6600,0,0,0,0,1,2,5,4,12,67,5,2.0,862.0,469.1,152,69,350.0,78.0,78.0,140,0.0,2
10,Donner Ski Ranch,California,8012,750,7031,0,0,0,0,0,1,5,2,8,52,2,1.5,505.0,60.0,163,82,400.0,75.0,75.0,170,0.0,2
11,Heavenly Mountain Resort,California,10067,3500,7170,2,0,2,7,1,5,3,8,28,97,3,5.5,4800.0,3379.0,155,64,360.0,57.92,64.17,157,0.0,0
12,June Mountain,California,10090,2590,7545,0,0,0,2,0,0,4,1,7,41,2,2.0,1500.0,469.1,152,58,250.0,57.92,64.17,128,0.0,0
13,Kirkwood,California,9800,2000,7800,0,0,0,2,1,5,1,3,12,85,2,2.5,2300.0,200.0,200,47,354.0,57.92,64.17,167,0.0,0
14,Mammoth Mountain Ski Area,California,11053,3100,7953,3,0,2,9,1,6,4,0,25,154,7,3.0,3500.0,700.0,243,66,400.0,149.0,159.0,147,0.0,0
15,Mt. Shasta Ski Park,California,6890,1435,5500,0,0,0,0,0,3,0,1,4,32,2,1.1,425.0,225.0,140,34,300.0,49.0,59.0,130,0.0,2
16,Mountain High,California,8200,1600,6600,0,0,0,2,2,2,5,3,14,59,1,1.6,290.0,275.0,118,95,108.0,84.0,84.0,150,73.0,2
17,Mt. Baldy,California,8600,2100,6500,0,0,0,0,0,0,4,0,4,26,0,2.5,400.0,80.0,175,67,178.0,69.0,69.0,200,0.0,2
18,Northstar California,California,8610,2280,6330,2,0,1,7,1,2,0,7,20,100,9,1.4,3170.0,1500.0,135,47,350.0,57.92,64.17,150,0.0,2
19,Sierra-at-Tahoe,California,8852,2212,6640,0,0,0,3,0,1,5,5,14,46,6,2.5,2000.0,200.0,160,73,460.0,99.0,64.17,144,0.0,2
20,Ski China Peak,California,8709,1679,7030,0,0,0,0,1,4,2,4,11,45,1,2.2,1400.0,150.0,140,62,300.0,83.0,83.0,144,0.0,2
21,Snow Summit,California,8200,1200,7000,0,0,0,2,0,4,5,5,16,27,6,1.2,240.0,240.0,152,67,100.0,57.92,64.17,130,150.0,2
22,Snow Valley,California,7841,1041,6800,0,0,0,0,0,5,6,1,12,28,6,1.2,240.0,188.0,111,82,160.0,69.0,79.0,143,164.0,2
23,Soda Springs,California,7352,652,6700,0,0,0,0,0,1,1,2,4,18,0,0.4,200.0,20.0,150,83,400.0,50.0,50.0,144,0.0,2
24,Sugar Bowl Resort,California,8383,1500,6883,1,0,0,5,3,1,0,2,12,105,3,3.0,1650.0,375.0,151,80,500.0,125.0,125.0,150,0.0,2
25,Tahoe Donner,California,7350,600,6750,0,0,0,0,1,1,0,3,5,14,2,1.0,120.0,469.1,150,48,400.0,69.0,69.0,144,0.0,2
26,Arapahoe Basin Ski Area,Colorado,13050,2530,10780,0,0,0,1,2,1,2,3,9,145,3,1.5,1428.0,125.0,230,73,350.0,85.0,85.0,233,0.0,0
27,Aspen / Snowmass,Colorado,12510,4406,8104,3,0,1,15,4,3,5,9,40,336,10,5.3,5517.0,658.0,138,72,300.0,179.0,179.0,138,0.0,0
28,Beaver Creek,Colorado,11440,3340,8100,2,0,0,11,0,1,1,9,24,150,3,2.8,1832.0,650.0,145,39,323.0,57.92,64.17,138,0.0,0
29,Breckenridge,Colorado,12998,3398,9600,1,0,5,6,0,1,6,15,34,187,4,3.5,2908.0,600.0,182,58,300.0,57.92,64.17,163,0.0,0
30,Copper Mountain Resort,Colorado,12313,2738,9712,1,0,2,4,0,4,4,9,24,150,6,1.7,2527.0,364.0,164,47,300.0,158.0,158.0,164,0.0,0
31,Crested Butte Mountain Resort,Colorado,12162,3062,9375,0,0,0,4,2,2,1,5,14,121,4,2.6,1547.0,297.0,145,58,234.0,57.92,64.17,131,0.0,0
32,Purgatory,Colorado,10822,2029,8793,0,0,1,2,0,3,3,3,12,101,9,1.3,1605.0,250.0,130,54,260.0,89.0,89.0,130,0.0,0
33,Eldora Mountain Resort,Colorado,10600,1400,9200,0,0,1,0,2,1,3,3,10,65,8,3.0,680.0,680.0,147,57,311.0,57.92,64.17,150,0.0,0
34,Howelsen Hill,Colorado,7136,440,6696,0,0,0,0,0,0,1,3,4,17,1,6.0,50.0,25.0,100,104,150.0,25.0,25.0,100,10.0,2
35,Keystone,Colorado,12408,3128,9280,2,0,2,4,1,1,2,8,20,128,1,3.5,3148.0,662.0,184,49,235.0,57.92,64.17,145,288.0,0
36,Loveland,Colorado,13010,2210,10800,0,0,0,1,3,3,2,1,10,94,1,2.0,1800.0,240.0,205,82,422.0,79.0,79.0,184,0.0,0
37,Monarch Mountain,Colorado,11952,1162,10790,0,0,0,0,1,0,4,2,7,64,2,1.0,800.0,324.6,143,80,350.0,89.0,89.0,136,0.0,0
38,Powderhorn,Colorado,9850,1650,8200,0,0,0,1,0,0,2,2,5,42,2,1.5,1600.0,42.0,111,53,250.0,71.0,71.0,110,0.0,0
39,Silverton Mountain,Colorado,13487,3087,10400,0,0,0,0,0,0,1,0,1,48,0,1.5,26819.0,324.6,175,17,400.0,79.0,79.0,181,0.0,0
40,Cooper,Colorado,11700,1200,10500,0,0,0,0,0,1,1,2,4,41,1,1.0,400.0,324.6,130,74,260.0,56.0,56.0,130,0.0,0
41,Ski Granby Ranch,Colorado,9202,1000,8202,0,0,0,2,0,1,1,1,5,40,1,0.6,406.0,170.0,116,36,220.0,84.0,84.0,92,100.0,0
42,Steamboat,Colorado,10568,3668,6900,1,0,1,6,0,5,2,3,18,169,4,3.0,2965.0,375.0,145,56,336.0,57.92,64.17,145,30.0,0
43,Sunlight Mountain Resort,Colorado,9895,2010,7885,0,0,0,0,0,1,2,0,3,67,1,2.5,680.0,30.0,100,53,250.0,65.0,65.0,135,0.0,0
44,Telluride,Colorado,13150,4425,8725,2,0,0,6,1,2,2,4,17,148,3,4.6,2000.0,220.0,131,47,280.0,139.0,139.0,137,0.0,0
45,Vail,Colorado,11570,3450,8120,2,0,3,15,1,1,0,9,31,195,3,4.0,5289.0,461.0,149,57,354.0,57.92,64.17,142,0.0,0
46,Winter Park Resort,Colorado,12060,3060,9000,1,0,2,7,0,4,6,5,25,166,7,4.9,3081.0,313.0,158,79,360.0,57.92,64.17,151,0.0,0
47,Wolf Creek Ski Area,Colorado,11904,1604,10300,0,0,0,3,1,2,1,3,10,120,0,2.0,1600.0,5.0,130,80,430.0,72.0,72.0,150,0.0,0
48,Mohawk Mountain,Connecticut,1600,650,950,0,0,0,0,0,5,0,3,8,25,0,1.5,107.0,100.0,88,72,92.0,30.0,65.0,110,64.0,1
49,Mount Southington Ski Area,Connecticut,525,425,100,0,0,0,0,0,2,2,3,7,14,2,0.3,51.0,51.0,63,55,80.0,60.0,60.0,95,51.0,1
50,Powder Ridge Park,Connecticut,720,550,170,0,0,0,0,0,1,2,2,5,19,4,0.5,80.0,68.0,80,60,80.0,45.0,55.0,100,40.0,1
51,Ski Sundown,Connecticut,1075,625,450,0,0,0,0,0,3,0,2,5,16,2,1.0,70.0,70.0,84,50,45.0,62.0,62.0,95,66.0,1
52,Woodbury Ski Area,Connecticut,730,300,430,0,0,0,0,0,0,1,4,5,12,2,0.2,50.0,50.0,126,57,70.0,42.0,42.0,180,35.0,1
53,Bogus Basin,Idaho,7582,1800,5800,0,0,0,3,0,1,3,4,11,91,3,1.5,2600.0,171.3,134,77,250.0,64.0,64.0,130,165.0,2
54,Brundage Mountain Resort,Idaho,7640,1800,5840,0,0,0,1,0,4,0,1,6,51,2,3.2,1920.0,2.0,126,58,320.0,70.0,70.0,131,0.0,2
55,Kelly Canyon Ski Area,Idaho,6600,1000,5600,0,0,0,0,0,0,4,2,6,51,1,1.3,740.0,171.3,114,62,200.0,57.92,42.0,131,0.0,2
56,Lookout Pass Ski Area,Idaho,5650,1150,4500,0,0,0,0,0,1,3,0,4,35,2,1.5,540.0,171.3,113,84,400.0,44.0,47.0,140,0.0,2
57,Magic Mountain Ski Area,Idaho,7200,700,6500,0,0,0,0,0,0,1,2,3,11,0,1.5,280.0,171.3,65,81,180.0,32.0,32.0,70,0.0,2
58,Pebble Creek Ski Area,Idaho,8560,2200,6360,0,0,0,0,0,3,0,0,3,54,2,1.3,1100.0,30.0,85,70,250.0,47.0,47.0,91,30.0,2
59,Pomerelle Mountain Resort,Idaho,9000,1000,8000,0,0,0,0,0,1,1,1,3,24,2,1.5,500.0,50.0,138,56,500.0,57.92,64.17,138,100.0,2
60,Schweitzer,Idaho,6400,2400,4000,0,0,1,2,0,1,3,2,9,92,3,2.1,2900.0,47.0,136,56,300.0,81.0,81.0,131,100.0,2
61,Silver Mountain,Idaho,6300,2200,4100,1,0,0,0,1,2,2,1,7,80,2,2.5,1600.0,225.0,130,29,300.0,57.0,62.0,193,20.0,2
62,Soldier Mountain Ski Area,Idaho,7200,1400,5800,0,0,0,0,0,0,2,1,3,36,0,0.4,1142.0,171.3,60,71,292.7,43.0,43.0,131,0.0,2
63,Sun Valley,Idaho,9150,3400,5750,1,0,0,9,0,3,2,3,18,120,7,3.0,2054.0,645.0,149,83,220.0,57.92,64.17,137,0.0,2
64,Tamarack Resort,Idaho,7700,2800,4900,0,0,0,2,2,0,0,2,6,48,3,1.5,1020.0,200.0,114,15,300.0,71.0,71.0,150,0.0,2
65,Chestnut Mountain Resort,Illinois,1040,475,565,0,0,0,0,2,4,0,3,9,22,3,0.2,139.0,139.0,87,60,50.0,40.0,55.0,112,139.0,1
66,Four Lakes,Illinois,500,100,400,0,0,0,0,0,0,0,7,7,7,1,0.1,9.0,9.0,78,58,24.0,57.92,64.17,70,9.0,1
67,Ski Snowstar Winter Sports Park,Illinois,790,262,528,0,0,0,0,2,0,2,2,6,15,1,0.8,28.0,28.0,56,38,38.0,25.0,35.0,86,28.0,1
68,Villa Olivia,Illinois,500,180,320,0,0,0,0,1,0,0,6,7,7,1,0.1,15.0,15.0,74,53,25.0,40.0,40.0,70,15.0,1
69,Paoli Peaks,Indiana,900,300,600,0,0,0,1,1,3,1,2,8,15,2,0.4,65.0,65.0,75,41,18.0,38.0,45.0,80,65.0,1
70,Perfect North Slopes,Indiana,800,400,400,0,0,0,0,2,3,0,6,11,23,2,1.0,100.0,100.0,82,39,24.0,52.0,52.0,90,100.0,1
71,Mt. Crescent Ski Area,Iowa,1500,300,1200,0,0,0,0,1,0,1,0,2,11,1,0.2,50.0,50.0,100,58,30.0,29.0,39.0,100,50.0,1
72,Seven Oaks,Iowa,975,275,800,0,0,0,0,0,2,0,2,4,11,2,1.0,35.0,35.0,100,22,40.0,40.0,40.0,100,35.0,1
73,Sundown Mountain,Iowa,1059,475,584,0,0,0,0,1,1,2,2,6,21,2,0.6,55.0,55.0,100,46,45.0,38.0,46.0,100,55.0,1
74,Big Squaw Mountain Ski Resort,Maine,3200,660,1750,0,0,0,0,0,1,0,0,1,29,0,0.8,402.0,248.9,67,6,115.9,30.0,30.0,58,0.0,1
75,Camden Snow Bowl,Maine,1080,850,150,0,0,0,0,0,1,1,1,3,26,2,1.0,100.0,48.0,68,83,69.0,33.0,43.0,70,48.0,1
76,Lost Valley,Maine,495,240,255,0,0,0,0,0,0,2,2,4,22,2,0.3,45.0,45.0,87,58,50.0,29.0,55.0,104,45.0,1
77,Mt. Abram Ski Resort,Maine,2250,1150,1050,0,0,0,0,0,0,2,3,5,54,1,0.5,640.0,175.0,120,59,125.0,29.0,49.0,120,0.0,1
78,Mt. Jefferson,Maine,753,432,351,0,0,0,0,0,0,0,3,3,10,0,0.3,12.0,248.9,108,19,115.9,57.92,64.17,112,0.0,1
79,New Hermon Mountain,Maine,450,350,100,0,0,0,0,0,0,1,2,3,20,0,1.9,70.0,70.0,102,55,90.0,32.0,32.0,117,45.0,1
80,Shawnee Peak,Maine,1900,1350,600,0,0,0,0,1,2,1,2,6,43,3,0.8,239.0,234.0,97,81,110.0,55.0,75.0,103,110.0,1
81,Sugarloaf,Maine,4237,2820,1417,0,0,0,2,3,1,5,2,13,162,4,3.5,1240.0,618.0,159,68,200.0,99.0,99.0,155,0.0,1
82,Sunday River,Maine,3140,2340,800,1,0,0,4,5,3,1,1,15,135,5,3.0,870.0,552.0,165,60,167.0,105.0,105.0,169,140.0,1
83,Wisp,Maryland,3115,700,2415,0,0,0,0,2,5,0,5,12,34,3,1.5,172.0,118.0,121,64,100.0,59.0,79.0,120,118.0,1
84,Berkshire East,Massachusetts,1720,1180,540,0,0,0,0,2,1,1,2,6,47,2,2.0,180.0,165.0,120,68,120.0,48.0,68.0,120,80.0,1
85,Blandford Ski Area,Massachusetts,1685,465,1035,0,0,0,0,0,0,3,2,5,29,2,0.5,132.0,70.0,112,83,50.0,20.0,45.0,117,70.0,1
86,Blue Hills Ski Area,Massachusetts,635,309,326,0,0,0,0,0,0,1,3,4,16,1,1.43,60.0,60.0,112,19,84.8,40.0,45.0,117,0.0,1
87,Bousquet Ski Area,Massachusetts,1875,750,1125,0,0,0,0,0,0,3,2,5,23,1,1.0,200.0,98.0,112,19,83.0,25.0,49.0,117,100.0,1
88,Bradford Ski Area,Massachusetts,1548,248,1300,0,0,0,0,0,2,0,8,10,15,1,0.3,48.0,48.0,112,71,84.8,37.0,55.0,117,0.0,1
89,Jiminy Peak,Massachusetts,2380,1150,1230,0,0,1,0,2,3,1,2,9,45,3,2.0,167.0,163.0,121,71,90.0,81.0,81.0,120,104.0,1
90,Nashoba Valley,Massachusetts,440,240,200,0,0,0,0,0,3,1,7,11,17,2,0.5,52.0,52.0,112,55,55.0,48.0,58.0,126,52.0,1
91,Otis Ridge Ski Area,Massachusetts,1700,400,1300,0,0,0,0,0,0,1,3,4,11,1,1.0,60.0,55.0,106,73,70.0,20.0,40.0,106,35.0,1
92,Ski Butternut,Massachusetts,1800,1000,800,0,0,0,0,3,1,1,6,11,22,2,1.5,110.0,110.0,107,56,115.0,25.0,60.0,110,0.0,1
93,Ski Ward,Massachusetts,420,210,210,0,0,0,0,0,1,0,3,4,11,1,0.2,45.0,45.0,105,50,80.0,57.92,64.17,120,38.0,1
94,Wachusett Mountain Ski Area,Massachusetts,2006,1000,1006,0,0,0,3,0,1,0,4,8,27,2,1.5,112.0,112.0,112,57,100.0,65.0,71.0,120,104.0,1
95,Alpine Valley Ski Area,Michigan,500,240,126,0,0,0,0,1,2,5,6,14,25,3,0.2,100.0,100.0,104,57,20.0,39.0,47.0,111,100.0,1
96,Apple Mountain,Michigan,820,220,600,0,0,0,0,1,0,0,5,6,12,0,1.43,80.0,42.0,104,58,52.0,35.0,35.0,111,80.0,1
97,Big Powderhorn Mountain,Michigan,1800,600,1200,0,0,0,0,0,0,9,1,10,45,2,1.0,253.0,228.0,100,55,214.0,69.0,69.0,108,0.0,1
98,Bittersweet Ski Area,Michigan,850,350,450,0,0,0,0,1,7,0,4,12,20,2,0.2,100.0,100.0,80,36,90.0,38.0,48.0,111,100.0,1
99,Big Snow Resort - Blackjack,Michigan,850,465,385,0,0,0,0,0,0,4,2,6,26,2,1.0,170.0,86.0,95,42,210.0,49.0,65.0,115,0.0,1
100,Boyne Highlands,Michigan,1290,552,745,0,0,0,1,3,4,0,2,10,55,4,1.2,435.0,400.0,97,56,140.0,78.0,98.0,120,150.0,1
101,Boyne Mountain Resort,Michigan,1120,500,620,0,0,1,0,4,3,2,2,12,60,7,1.0,415.0,380.0,122,71,140.0,57.92,64.17,130,200.0,1
102,Caberfae Peaks,Michigan,1569,485,1060,0,0,0,0,1,2,1,1,5,34,2,1.2,200.0,200.0,118,82,140.0,39.0,49.0,130,150.0,1
103,Cannonsburg,Michigan,1100,250,850,0,0,0,0,1,1,1,7,10,21,5,0.1,100.0,128.2,100,54,100.0,30.0,37.0,100,0.0,1
104,Crystal Mountain,Michigan,1132,375,757,0,0,0,1,3,2,0,2,8,58,3,0.3,102.0,96.0,120,63,132.0,54.0,64.0,135,56.0,1
105,Big Snow Resort - Indianhead Mountain,Michigan,1935,638,1297,0,0,0,0,1,1,5,2,9,32,2,1.0,240.0,150.0,120,60,204.0,49.0,49.0,120,0.0,1
106,Marquette Mountain,Michigan,1357,600,757,0,0,0,0,0,1,2,1,4,35,3,0.7,169.0,143.0,139,60,210.0,57.92,64.17,135,89.0,1
107,Mont Ripley,Michigan,1140,440,700,0,0,0,0,0,0,2,2,4,25,2,0.8,112.0,112.0,114,83,275.0,49.0,49.0,100,100.0,1
108,Mount Bohemia,Michigan,1500,900,600,0,0,0,0,0,1,1,0,2,48,0,2.3,585.0,128.2,83,19,273.0,68.0,68.0,100,0.0,1
109,Mt. Brighton,Michigan,1330,230,1100,0,0,0,0,2,3,0,8,13,25,5,0.1,130.0,130.0,111,59,60.0,52.0,59.0,100,130.0,1
110,Mt. Holiday Ski Area,Michigan,440,200,240,0,0,0,0,0,0,2,2,4,12,0,0.1,45.0,45.0,100,70,120.0,22.0,34.0,90,45.0,1
111,Mount Holly,Michigan,1105,350,755,0,0,0,1,2,3,1,6,13,19,0,0.1,100.0,100.0,104,63,42.0,37.0,45.0,102,100.0,1
112,Mulligan's Hollow Ski Bowl,Michigan,700,130,570,0,0,0,0,0,0,0,5,5,6,0,0.2,10.0,10.0,104,19,60.0,15.0,20.0,111,10.0,1
113,Norway Mountain,Michigan,1335,500,835,0,0,0,0,0,1,2,3,6,17,1,1.4,186.0,186.0,110,45,100.0,57.92,45.0,110,40.0,1
114,Nubs Nob Ski Area,Michigan,1338,427,911,0,0,0,0,3,4,2,1,10,53,3,0.9,248.0,248.0,133,61,135.0,65.0,85.0,130,160.0,1
115,Pine Knob Ski Resort,Michigan,1308,300,1009,0,0,0,0,0,0,0,6,6,14,3,1.0,80.0,80.0,104,1,133.5,49.0,57.0,111,0.0,1
116,Pine Mountain,Michigan,1650,500,1150,0,0,0,0,0,1,2,1,4,28,1,0.5,160.0,160.0,110,80,60.0,57.92,45.0,126,80.0,1
117,Schuss Mountain at Shanty Creek,Michigan,1125,450,675,0,0,0,0,5,0,0,3,8,42,3,1.0,70.0,70.0,94,57,160.0,58.0,78.0,111,70.0,1
118,Ski Brule,Michigan,1860,500,1360,0,0,0,0,0,0,5,7,12,17,3,1.0,150.0,150.0,164,62,150.0,49.0,49.0,165,40.0,1
119,Snow Snake Mountain Ski Area,Michigan,1230,210,1020,0,0,0,0,0,1,0,5,6,12,2,0.0,40.0,40.0,104,72,133.5,30.0,35.0,111,40.0,1
120,Swiss Valley,Michigan,1200,225,975,0,0,0,0,2,1,0,4,7,11,2,0.1,60.0,60.0,89,51,60.0,32.0,42.0,80,60.0,1
121,The Homestead,Michigan,900,320,580,0,0,0,0,0,2,1,2,5,15,1,0.2,16.0,16.0,47,34,150.0,50.0,50.0,42,16.0,1
122,Timber Ridge,Michigan,850,250,600,0,0,0,0,1,1,2,4,8,16,2,0.3,50.0,50.0,80,58,133.5,35.0,45.0,111,50.0,1
123,Treetops Resort,Michigan,1345,225,1120,0,0,0,0,0,3,0,2,5,23,3,0.2,80.0,80.0,63,65,175.0,57.92,64.17,101,80.0,1
124,Afton Alps,Minnesota,1530,350,1180,0,0,0,0,1,3,14,4,22,48,5,0.5,250.0,250.0,135,56,60.0,55.0,60.0,135,250.0,1
125,Andes Tower Hills Ski Area,Minnesota,1620,290,1330,0,0,0,0,1,2,0,3,6,15,2,0.2,35.0,35.0,100,38,55.0,45.0,45.0,110,35.0,1
126,Buck Hill,Minnesota,1225,309,919,0,0,0,0,2,1,0,5,8,16,0,0.2,45.0,45.0,115,65,60.0,34.0,47.0,112,45.0,1
127,Buena Vista Ski Area,Minnesota,1510,230,1280,0,0,0,0,0,2,2,2,6,17,0,0.3,30.0,30.0,57,70,78.0,44.0,44.0,60,30.0,1
128,Coffee Mill Ski & Snowboard Resort,Minnesota,1150,425,725,0,0,0,0,0,0,2,1,3,14,1,1.0,40.0,35.0,57,39,48.0,23.0,37.0,56,35.0,1
129,Elm Creek Winter Recreation Area,Minnesota,928,60,868,0,0,0,0,0,0,0,3,3,3,0,1.0,15.0,20.0,105,13,45.0,17.0,17.0,102,15.0,1
130,Giants Ridge Resort,Minnesota,1972,500,1472,0,0,0,1,1,1,2,2,7,35,2,0.8,202.0,202.0,120,35,85.0,49.0,58.0,125,121.0,1
131,Hyland Ski & Snowboard Area,Minnesota,1075,175,900,0,0,0,0,2,1,0,5,8,14,1,1.0,35.0,35.0,110,61,55.0,35.34,35.34,115,35.0,1
132,Lutsen Mountains,Minnesota,1688,825,800,1,0,1,0,0,1,4,1,8,62,2,2.0,393.0,231.0,135,71,120.0,84.0,84.0,127,0.0,1
133,Mount Kato Ski Area,Minnesota,540,240,300,0,0,0,0,5,0,3,2,10,19,4,1.0,55.0,55.0,115,43,50.0,34.0,46.0,120,50.0,1
134,Powder Ridge Ski Area,Minnesota,790,300,500,0,0,0,0,1,0,2,3,6,15,4,1.43,60.0,60.0,97,58,45.0,36.0,48.0,113,60.0,1
135,Spirit Mountain,Minnesota,1320,700,620,0,0,0,1,1,2,1,2,7,22,3,1.0,175.0,175.0,100,45,100.0,59.0,59.0,125,144.0,1
136,Welch Village,Minnesota,1060,360,700,0,0,0,0,3,1,4,2,10,50,1,0.8,125.0,125.0,114,54,45.0,54.0,60.0,122,100.0,1
137,Wild Mountain Ski & Snowboard Area,Minnesota,1113,300,813,0,0,0,0,4,0,0,4,8,26,4,0.9,100.0,100.0,130,47,50.0,55.0,55.0,140,100.0,1
138,Hidden Valley Ski Area,Missouri,2566,310,2316,0,0,0,0,2,2,0,3,7,17,0,0.1,30.0,30.0,69,37,26.0,49.0,49.0,85,17.0,1
139,Snow Creek,Missouri,1100,300,800,0,0,0,0,0,2,1,2,5,14,2,0.3,30.0,30.0,69,33,20.0,37.0,47.0,85,30.0,1
140,Big Sky Resort,Montana,11166,4350,7500,1,1,2,5,3,7,5,12,36,317,8,6.0,5800.0,400.0,144,46,400.0,57.92,64.17,144,0.0,0
141,Blacktail Mountain Ski Area,Montana,6676,1440,5236,0,0,0,0,0,1,2,1,4,27,0,0.7,1000.0,255.9,106,21,250.0,42.0,42.0,119,0.0,2
142,Bridger Bowl,Montana,8700,2600,6100,0,0,0,0,1,6,1,3,11,105,2,1.5,2000.0,100.0,122,64,350.0,63.0,63.0,133,0.0,2
143,Discovery Ski Area,Montana,8150,2380,5770,0,0,0,0,0,5,2,1,8,74,1,1.5,2400.0,25.0,116,46,225.0,49.0,49.0,116,0.0,2
144,Great Divide,Montana,7330,1580,5750,0,0,0,0,0,0,5,1,6,110,6,3.0,1600.0,150.0,94,78,180.0,48.0,48.0,100,100.0,2
145,Lost Trail - Powder Mtn,Montana,8200,1800,6400,0,0,0,0,0,0,5,3,8,69,2,2.5,1800.0,255.9,84,81,325.0,46.0,46.0,80,0.0,2
146,Maverick Mountain,Montana,8520,2020,6500,0,0,0,0,0,0,1,1,2,22,0,1.3,255.0,255.9,106,83,160.0,39.0,39.0,119,0.0,2
147,Montana Snowbowl,Montana,7600,2600,5000,0,0,0,0,0,0,2,2,4,37,0,1.2,950.0,20.0,106,58,300.0,50.0,50.0,119,10.0,2
148,Red Lodge Mountain,Montana,9416,2400,7016,0,0,0,2,0,1,3,1,7,70,2,2.5,1635.0,496.0,142,59,250.0,67.0,67.0,136,0.0,0
149,Showdown Montana,Montana,8200,1400,6800,0,0,0,0,0,1,2,1,4,36,1,1.8,640.0,255.9,86,83,250.0,47.0,47.0,85,0.0,2
150,Teton Pass Ski Resort,Montana,7200,1010,6190,0,0,0,0,0,0,1,2,3,43,1,3.0,330.0,255.9,40,54,250.0,39.0,39.0,150,0.0,2
151,Whitefish Mountain Resort,Montana,6817,2353,4464,0,0,0,3,2,6,0,3,14,105,4,3.3,3000.0,600.0,123,72,333.0,81.0,81.0,123,600.0,2
152,Diamond Peak,Nevada,8540,1840,6700,0,0,0,1,2,0,3,1,7,30,3,2.5,655.0,492.0,100,53,300.0,89.0,99.0,122,0.0,2
153,Elko SnoBowl,Nevada,7000,700,6300,0,0,0,0,0,0,1,1,2,10,0,1.0,60.0,2.0,19,23,24.0,20.0,20.0,30,0.0,2
154,Lee Canyon,Nevada,11289,860,8510,0,0,0,0,2,1,0,0,3,24,1,0.3,195.0,50.0,144,56,161.0,70.0,70.0,150,0.0,0
155,Mt. Rose - Ski Tahoe,Nevada,9700,1800,8260,0,0,2,0,2,2,0,2,8,65,5,2.5,1200.0,330.0,152,55,350.0,135.0,135.0,150,0.0,0
156,Attitash,New Hampshire,2350,1750,600,0,0,0,2,1,3,2,1,9,68,3,3.0,311.0,240.0,115,54,120.0,79.0,89.0,130,0.0,1
157,Black Mountain,New Hampshire,2350,1100,1250,0,0,0,0,0,1,1,3,5,45,0,1.6,143.0,120.0,110,84,125.0,45.0,59.0,107,0.0,1
158,Bretton Woods,New Hampshire,3100,1500,1600,0,0,0,4,1,1,0,3,9,63,2,2.0,464.0,427.0,180,46,200.0,85.0,99.0,180,45.0,1
159,Cannon Mountain,New Hampshire,4080,2180,1900,1,0,0,1,2,3,1,3,11,97,3,2.3,285.0,192.0,124,81,160.0,79.0,79.0,143,0.0,1
160,Cranmore Mountain Resort,New Hampshire,2000,1200,600,0,0,0,1,1,2,1,2,7,57,4,1.0,200.0,192.0,107,82,150.0,57.92,64.17,128,0.0,1
161,Crotched Mountain,New Hampshire,2066,1016,1050,0,0,0,1,1,1,1,1,5,25,3,1.2,100.0,100.0,105,16,105.0,55.0,69.0,100,100.0,1
162,Dartmouth Skiway,New Hampshire,1943,969,974,0,0,0,0,1,0,1,2,4,28,1,1.1,107.0,54.0,104,63,100.0,50.0,50.0,105,0.0,1
163,Gunstock,New Hampshire,2300,1400,900,0,0,0,1,2,2,0,1,6,55,4,1.5,227.0,176.0,106,82,120.0,80.0,92.0,129,60.0,1
164,King Pine,New Hampshire,850,350,500,0,0,0,0,0,3,0,3,6,17,2,0.3,48.0,45.0,105,57,120.0,42.0,58.0,107,23.0,1
165,Loon Mountain,New Hampshire,3050,2100,950,1,0,0,3,1,1,3,2,11,61,6,2.5,370.0,322.0,149,53,160.0,57.92,64.17,144,0.0,1
166,Mount Sunapee,New Hampshire,2743,1510,1233,0,0,0,2,1,2,1,4,10,66,4,0.8,232.0,215.0,130,71,100.0,83.0,93.0,136,0.0,1
167,Pats Peak,New Hampshire,1460,770,690,0,0,0,0,0,4,2,5,11,28,3,1.5,115.0,115.0,109,56,100.0,58.0,72.0,112,93.0,1
168,Ragged Mountain Resort,New Hampshire,2250,1250,1000,0,0,1,1,0,1,0,3,6,57,3,0.7,250.0,200.0,123,54,100.0,74.0,84.0,140,0.0,1
169,Waterville Valley,New Hampshire,4004,2020,1984,0,0,0,2,0,2,3,4,11,62,4,1.9,265.0,220.0,142,54,148.0,79.0,93.0,142,0.0,1
170,Whaleback Mountain,New Hampshire,1800,700,1100,0,0,0,0,0,0,1,3,4,30,1,1.0,85.0,60.0,105,64,110.0,30.0,45.0,105,55.0,1
171,Wildcat Mountain,New Hampshire,4062,2112,1950,0,0,0,1,0,3,0,1,5,48,0,2.8,225.0,200.0,156,61,200.0,79.0,89.0,150,0.0,1
172,Campgaw Mountain,New Jersey,726,274,450,0,0,0,0,0,0,2,3,5,12,1,0.3,23.0,23.0,80,58,45.0,57.92,64.17,100,14.0,1
173,Mountain Creek Resort,New Jersey,1480,1040,440,1,0,0,2,2,1,1,3,10,46,3,2.0,167.0,167.0,90,54,65.0,79.99,79.99,100,167.0,1
174,Angel Fire Resort,New Mexico,10677,2077,8600,0,0,0,2,0,0,3,2,7,81,3,3.0,560.0,230.0,101,53,210.0,77.0,77.0,101,50.0,0
175,Enchanted Forest Ski Area,New Mexico,10078,400,9820,0,0,0,0,0,0,0,0,0,33,0,2.5,600.0,232.4,130,34,240.0,20.0,20.0,140,0.0,0
176,Pajarito Mountain Ski Area,New Mexico,10441,1410,9031,0,0,0,0,1,1,3,1,6,45,2,0.6,750.0,35.0,89,62,163.0,49.0,49.0,117,0.0,0
177,Red River,New Mexico,10350,1600,8750,0,0,0,0,1,3,1,2,7,63,3,2.5,209.0,232.4,110,60,214.0,79.0,79.0,116,0.0,0
178,Sandia Peak,New Mexico,10378,1700,8678,0,0,0,0,0,0,4,1,5,39,1,2.0,200.0,30.0,32,82,100.0,55.0,55.0,38,0.0,0
179,Sipapu Ski Resort,New Mexico,9255,1055,8200,0,0,0,0,1,2,0,3,6,42,4,0.5,200.0,140.0,127,67,190.0,47.0,47.0,143,0.0,0
180,Ski Apache,New Mexico,11500,1900,9600,1,0,0,0,2,6,0,2,11,55,3,2.0,750.0,270.0,133,58,185.0,74.0,74.0,124,0.0,0
181,Ski Santa Fe,New Mexico,12075,1725,10350,0,0,0,0,1,2,2,2,7,83,1,3.0,660.0,275.0,107,73,225.0,80.0,80.0,130,0.0,0
182,Taos Ski Valley,New Mexico,12481,3281,9200,1,0,0,1,3,4,1,4,14,111,1,5.0,1294.0,647.0,137,64,300.0,110.0,110.0,136,0.0,0
183,Belleayre,New York,3429,1404,2025,1,0,0,1,1,1,2,2,8,50,2,2.2,175.0,168.0,154,70,130.0,60.0,72.0,150,0.0,1
184,Brantling Ski Slopes,New York,850,250,600,0,0,0,0,0,0,0,5,5,10,0,0.1,20.0,16.0,108,19,110.0,32.0,32.0,112,0.0,1
185,Bristol Mountain,New York,2200,1200,1000,0,0,0,2,1,1,1,1,6,34,3,2.0,160.0,148.0,129,55,60.0,65.0,76.0,129,154.0,1
186,Buffalo Ski Club Ski Area,New York,3429,500,2025,0,0,0,0,0,0,2,4,6,43,1,1.43,225.0,150.0,108,12,131.3,35.0,50.0,112,100.0,1
187,Catamount,New York,2000,1000,1000,0,0,0,0,1,1,2,3,7,36,5,2.0,133.0,130.0,100,80,108.0,38.0,69.0,90,55.0,1
188,Dry Hill Ski Area,New York,950,300,650,0,0,0,0,0,0,1,2,3,7,1,0.2,35.0,26.0,108,55,125.0,57.92,35.0,112,26.0,1
189,Gore Mountain,New York,3600,2537,998,1,0,0,2,2,3,2,4,14,110,7,4.5,439.0,338.0,142,55,150.0,80.0,88.0,112,15.0,1
190,Greek Peak,New York,2100,952,1148,0,0,0,0,1,1,4,2,8,56,4,1.5,220.0,184.0,110,62,122.0,49.0,63.2,113,175.0,1
191,Holiday Mountain,New York,1550,400,1150,0,0,0,0,1,0,1,2,4,9,0,0.4,37.0,37.0,75,60,50.0,27.0,42.0,85,37.0,1
192,Holiday Valley,New York,2250,750,1500,0,0,0,3,8,0,0,2,13,60,5,1.0,290.0,266.0,116,62,180.0,65.0,78.0,129,189.0,1
193,Holimont Ski Area,New York,2260,700,1560,0,0,0,1,1,2,3,1,8,53,3,1.5,135.0,135.0,110,57,180.0,62.0,75.0,119,0.0,1
194,Hunt Hollow Ski Club,New York,2030,825,1000,0,0,0,0,0,1,1,1,3,19,1,1.0,400.0,400.0,108,52,130.0,48.0,58.0,75,400.0,1
195,Hunter Mountain,New York,3200,1600,1600,0,0,2,1,2,2,2,4,13,67,4,2.0,320.0,320.0,148,59,120.0,79.0,89.0,155,0.0,1
196,Kissing Bridge,New York,1700,550,1150,0,0,0,0,2,1,4,3,10,39,5,0.5,700.0,550.0,103,59,120.0,40.0,60.0,100,650.0,1
197,Labrador Mt.,New York,1825,700,1125,0,0,0,0,0,1,2,1,4,23,1,1.0,250.0,237.0,108,62,125.0,59.0,59.0,100,180.0,1
198,Maple Ski Ridge,New York,1200,450,750,0,0,0,0,0,1,1,1,3,10,0,0.3,25.0,25.0,108,57,131.3,26.0,38.0,112,20.0,1
199,McCauley Mountain Ski Center,New York,2250,633,1563,0,0,0,0,0,0,1,4,5,23,1,0.3,70.0,55.0,105,61,200.0,20.0,30.0,105,0.0,1
200,Mount Peter Ski Area,New York,1250,450,750,0,0,0,0,1,0,2,2,5,14,1,1.0,69.0,69.0,100,83,50.0,35.0,54.0,100,69.0,1
201,Oak Mountain,New York,2400,650,1750,0,0,0,0,1,0,0,3,4,22,1,1.2,46.0,18.0,108,71,120.0,40.0,40.0,112,12.0,1
202,Peek'n Peak,New York,1800,400,1400,0,0,0,0,0,8,0,2,10,27,4,2.4,110.0,110.0,110,55,225.0,49.0,63.0,112,110.0,1
203,Plattekill Mountain,New York,3500,1100,2400,0,0,0,0,0,1,1,2,4,38,1,2.0,110.0,75.0,65,26,175.0,50.0,67.0,65,0.0,1
204,Royal Mountain Ski Area,New York,1800,550,1250,0,0,0,0,0,0,3,0,3,14,0,0.3,35.0,28.0,108,63,90.0,45.0,45.0,112,0.0,1
205,Snow Ridge,New York,2000,650,1350,0,0,0,0,0,0,4,2,6,21,2,0.8,130.0,65.0,73,74,230.0,38.0,48.0,100,40.0,1
206,Song Mountain,New York,1940,700,1240,0,0,0,0,0,1,1,3,5,24,0,0.4,93.0,70.0,90,55,125.0,59.0,59.0,122,70.0,1
207,Swain,New York,1970,650,1320,0,0,0,0,3,0,1,1,5,35,3,1.0,130.0,90.0,102,72,120.0,49.0,59.0,100,80.0,1
208,Thunder Ridge,New York,1270,500,770,0,0,0,0,0,1,2,3,6,30,0,0.4,100.0,100.0,121,60,131.3,57.92,57.0,121,100.0,1
209,Titus Mountain,New York,2025,1200,825,0,0,0,0,0,2,6,2,10,50,3,2.0,200.0,150.0,101,59,150.0,39.0,49.0,100,70.0,1
210,Toggenburg Mountain,New York,2000,700,1300,0,0,0,0,0,1,1,3,5,22,2,0.4,85.0,144.2,108,66,130.0,55.0,55.0,122,73.0,1
211,West Mountain,New York,1470,1010,460,0,0,0,0,0,1,2,2,5,29,1,0.6,124.0,105.0,108,58,80.0,49.0,59.0,120,105.0,1
212,Whiteface Mountain Resort,New York,4650,3430,1220,1,0,0,1,1,2,5,2,12,86,5,2.1,288.0,220.0,122,61,168.0,96.0,96.0,141,0.0,1
213,Willard Mountain,New York,1415,505,910,0,0,0,0,0,0,2,3,5,16,0,0.4,50.0,35.0,85,19,80.0,46.0,46.0,120,35.0,1
214,Windham Mountain,New York,3100,1600,1500,0,0,1,2,0,3,1,5,12,54,6,2.0,285.0,280.0,123,59,105.0,85.0,95.0,130,56.0,1
215,Woods Valley Ski Area,New York,1400,500,900,0,0,0,0,0,0,2,4,6,21,0,0.3,25.0,16.0,108,55,180.0,31.0,39.0,112,15.0,1
216,Appalachian Ski Mountain,North Carolina,4000,365,3635,0,0,0,0,2,0,1,2,5,12,3,0.5,27.0,27.0,100,57,50.0,40.0,64.0,100,27.0,1
217,Cataloochee Ski Area,North Carolina,5400,740,4660,0,0,0,0,1,1,1,2,5,18,2,1.0,50.0,50.0,141,58,50.0,43.0,70.0,108,50.0,2
218,Sapphire Valley,North Carolina,3450,200,3200,0,0,0,0,1,0,0,2,3,48,1,1.0,8.0,8.0,53,55,24.0,40.0,43.0,60,8.0,1
219,Beech Mountain Resort,North Carolina,5506,830,4675,0,0,0,0,3,0,3,2,8,17,1,1.0,95.0,95.0,98,52,31.0,41.0,68.0,98,95.0,2
220,Sugar Mountain Resort,North Carolina,5300,1200,4100,0,0,1,0,0,1,4,2,8,21,1,1.5,125.0,125.0,114,50,77.0,45.0,75.0,120,95.0,2
221,Wolf Ridge Ski Resort,North Carolina,4700,720,4000,0,0,0,0,1,0,1,2,4,15,1,0.6,65.0,65.0,101,49,65.0,42.0,65.0,100,60.0,2
222,Alpine Valley,Ohio,1500,230,1260,0,0,0,0,1,2,1,1,5,11,1,0.2,72.0,72.0,105,53,120.0,43.0,43.0,95,72.0,1
223,Boston Mills,Ohio,871,264,631,0,0,0,0,0,4,2,2,8,7,2,0.3,40.0,40.0,92,56,51.0,44.0,44.0,110,40.0,1
224,Brandywine,Ohio,871,240,631,0,0,0,0,2,7,2,5,16,11,2,0.3,85.0,85.0,92,56,51.0,44.0,44.0,110,85.0,1
225,Mad River Mountain,Ohio,1460,300,1160,0,0,0,0,1,2,3,6,12,20,4,0.5,144.0,144.0,99,57,36.0,39.0,44.0,90,144.0,1
226,Snow Trails,Ohio,1475,301,1174,0,0,0,0,0,4,2,3,9,17,3,0.2,80.0,80.0,101,58,50.0,41.0,52.0,70,80.0,1
227,Anthony Lakes Mountain Resort,Oregon,8000,900,7100,0,0,0,0,0,1,0,2,3,21,2,1.5,1100.0,40.0,75,56,300.0,40.0,40.0,80,0.0,2
228,Cooper Spur,Oregon,4000,350,3500,0,0,0,0,0,0,1,1,2,10,0,0.1,50.0,29.0,78,66,100.0,39.0,39.0,90,0.0,1
229,Hoodoo Ski Area,Oregon,5703,1035,4668,0,0,0,0,3,1,1,0,5,34,0,0.4,806.0,40.0,80,81,350.0,59.0,59.0,108,200.0,2
230,Mt. Ashland,Oregon,7533,1150,6383,0,0,0,0,0,2,2,1,5,23,2,1.0,220.0,40.0,94,55,300.0,45.0,52.0,92,40.0,2
231,Mt. Bachelor,Oregon,9065,3365,5700,0,0,0,8,0,3,0,0,11,101,5,4.0,4318.0,20.0,185,61,462.0,99.0,99.0,185,0.0,0
232,Mt. Hood Meadows,Oregon,7300,2777,4523,0,0,0,6,0,0,5,2,13,85,6,3.0,2150.0,29.0,118,51,430.0,57.92,64.17,160,170.0,2
233,Mt. Hood Skibowl,Oregon,5100,1500,3600,0,0,0,0,0,0,4,5,9,65,2,3.0,960.0,29.0,125,82,300.0,70.0,70.0,144,317.0,2
234,Spout Springs,Oregon,5500,610,4850,0,0,0,0,0,0,2,2,4,14,0,0.1,200.0,40.0,117,19,118.0,57.92,64.17,125,100.0,2
235,Timberline Lodge,Oregon,8540,3690,6000,0,0,0,5,0,1,1,1,8,41,5,2.0,1415.0,29.0,305,82,550.0,57.92,64.17,305,300.0,2
236,Willamette Pass,Oregon,6683,1563,5120,0,0,1,0,0,3,0,1,5,29,0,2.1,555.0,60.0,3,78,430.0,60.0,60.0,100,0.0,2
237,Bear Creek Mountain Resort,Pennsylvania,1100,510,600,0,0,0,0,3,1,0,2,6,23,3,1.0,86.0,86.0,91,52,30.0,50.0,60.0,90,86.0,1
238,Ski Big Bear,Pennsylvania,1250,650,600,0,0,0,0,0,0,4,2,6,18,1,1.5,26.0,26.0,75,43,69.0,50.0,62.0,75,26.0,1
239,Big Boulder,Pennsylvania,2175,600,1700,0,0,0,0,0,2,5,1,8,16,8,1.43,55.0,55.0,76,72,50.0,50.0,65.0,95,55.0,1
240,Blue Knob,Pennsylvania,3146,1072,2074,0,0,0,0,0,2,2,2,6,34,1,2.0,100.0,84.0,87,56,120.0,43.0,68.0,105,42.0,1
241,Blue Mountain Resort,Pennsylvania,1600,1082,460,0,0,1,1,1,1,3,9,16,39,5,1.2,164.0,164.0,122,42,33.0,55.0,65.0,112,164.0,1
242,Camelback Mountain Resort,Pennsylvania,2100,800,1250,0,0,0,2,0,3,5,6,16,37,5,1.0,166.0,166.0,100,56,50.0,55.0,70.0,100,160.0,1
243,Eagle Rock,Pennsylvania,1810,550,1260,0,0,0,0,0,0,3,0,3,14,1,1.0,104.9,101.3,94,47,54.4,57.92,64.17,40,0.0,1
244,Elk Mountain Ski Resort,Pennsylvania,2693,1000,1693,0,0,0,0,1,0,5,1,7,27,2,0.7,180.0,146.0,94,60,60.0,55.0,69.0,100,90.0,1
245,Jack Frost,Pennsylvania,2000,600,1400,0,0,0,0,1,2,5,1,9,20,1,1.0,100.0,100.0,96,47,50.0,50.0,65.0,105,0.0,1
246,Liberty,Pennsylvania,1190,620,570,0,0,0,0,5,0,0,3,8,16,3,1.0,100.0,100.0,107,54,31.0,67.0,77.0,97,100.0,1
247,Mount Pleasant of Edinboro,Pennsylvania,1540,340,1200,0,0,0,0,0,1,0,1,2,10,0,0.5,40.0,35.0,75,48,100.0,30.0,33.0,90,35.0,1
248,Roundtop Mountain Resort,Pennsylvania,1400,600,800,0,0,0,0,3,2,0,3,8,20,2,0.4,103.0,103.0,94,55,30.0,63.0,73.0,96,100.0,1
249,Seven Springs,Pennsylvania,2994,750,2240,0,0,2,0,3,5,0,4,14,33,7,1.2,285.0,285.0,99,87,135.0,67.0,87.0,115,200.0,1
250,Shawnee Mountain Ski Area,Pennsylvania,1350,700,650,0,0,0,1,1,0,4,4,10,23,2,1.6,125.0,125.0,100,44,50.0,55.0,65.0,122,120.0,1
251,Ski Sawmill,Pennsylvania,2215,515,1700,0,0,0,0,0,1,1,3,5,14,1,0.1,15.0,13.0,94,50,24.0,30.0,44.0,90,15.0,1
252,Montage Mountain,Pennsylvania,1960,1000,960,0,0,0,0,1,3,1,2,7,26,1,1.2,140.0,140.0,60,35,47.0,67.0,64.17,90,140.0,1
253,Spring Mountain Ski Area,Pennsylvania,528,450,78,0,0,0,0,0,1,3,2,6,9,1,0.2,45.0,45.0,100,56,20.0,57.92,64.17,100,45.0,1
254,Tussey Mountain,Pennsylvania,1750,520,1230,0,0,0,0,1,0,1,3,5,8,1,0.3,38.0,30.0,100,39,41.0,40.0,45.0,100,30.0,1
255,Whitetail Resort,Pennsylvania,1800,935,865,0,0,0,1,3,0,2,2,8,23,2,1.0,120.0,120.0,116,28,40.0,69.0,71.0,100,120.0,1
256,Yawgoo Valley,Rhode Island,315,245,70,0,0,0,0,0,0,2,2,4,13,1,0.2,30.0,30.0,100,54,40.0,57.92,64.17,100,30.0,1
257,Deer Mountain Ski Resort,South Dakota,6850,940,6040,0,0,0,0,0,1,1,2,4,63,2,1.6,500.0,50.0,69,51,200.0,45.0,45.0,81,0.0,2
258,Terry Peak Ski Area,South Dakota,7100,1100,5900,0,0,0,3,0,1,0,1,5,30,1,1.2,450.0,225.0,114,65,150.0,58.0,58.0,120,0.0,2
260,Alta Ski Area,Utah,11068,2538,8530,0,0,0,3,0,1,2,0,6,116,0,1.3,2614.0,140.0,150,81,545.0,116.0,116.0,140,0.0,0
261,Beaver Mountain,Utah,8600,1600,7232,0,0,0,0,0,1,3,1,5,48,2,0.8,464.0,259.2,120,81,400.0,50.0,50.0,120,0.0,2
262,Brian Head Resort,Utah,10970,1548,9600,0,0,0,1,0,6,1,0,8,71,2,0.6,650.0,216.0,149,54,360.0,42.0,59.0,148,0.0,0
263,Brighton Resort,Utah,10500,1745,8755,0,0,0,3,1,1,0,2,7,66,4,1.2,1050.0,200.0,138,83,500.0,85.0,85.0,138,200.0,0
264,Deer Valley Resort,Utah,9570,3000,6570,1,0,0,13,0,5,2,0,21,103,0,2.8,2026.0,660.0,156,39,300.0,169.0,169.0,150,0.0,0
265,Eagle Point,Utah,10600,1500,9100,0,0,0,0,1,1,2,1,5,40,1,0.9,650.0,259.2,128,9,400.0,45.0,60.0,109,0.0,0
266,Park City,Utah,10000,3200,6800,4,0,6,10,4,7,4,6,41,341,8,3.5,7300.0,750.0,142,56,355.0,57.92,64.17,143,0.0,0
267,Powder Mountain,Utah,9422,2522,6900,0,0,0,1,4,1,0,3,9,167,2,3.5,8464.0,259.2,120,47,500.0,88.0,88.0,146,300.0,0
268,Snowbasin,Utah,9350,2900,6450,3,0,1,2,0,3,0,2,11,107,4,3.5,3000.0,625.0,143,79,300.0,115.0,115.0,138,0.0,0
269,Snowbird,Utah,11000,3240,7760,1,0,0,6,0,0,4,3,14,170,1,2.5,2500.0,380.0,188,48,500.0,125.0,125.0,180,2.0,0
270,Solitude Mountain Resort,Utah,10488,2494,7994,0,0,0,4,2,1,1,1,9,80,0,3.0,1200.0,150.0,161,62,500.0,109.0,119.0,148,0.0,0
271,Sundance,Utah,8250,2150,6100,0,0,0,0,2,2,0,1,5,45,1,0.6,450.0,112.0,128,50,320.0,80.0,80.0,129,0.0,2
272,Nordic Valley Resort,Utah,6400,960,5440,0,0,0,0,0,0,2,2,4,23,1,0.4,140.0,84.0,105,51,300.0,45.0,50.0,105,140.0,2
273,Bolton Valley,Vermont,3150,1704,1446,0,0,0,0,2,0,3,1,6,71,3,0.6,300.0,90.0,133,53,300.0,69.0,79.0,132,50.0,1
274,Bromley Mountain,Vermont,3284,1334,1950,0,0,0,1,1,0,4,3,9,47,1,2.5,178.0,153.0,137,83,168.0,87.0,91.0,152,0.0,1
275,Burke Mountain,Vermont,3267,2011,1210,0,0,0,2,1,0,0,3,6,50,3,2.2,178.0,125.0,110,62,217.0,73.0,73.0,125,0.0,1
276,Jay Peak,Vermont,3968,2153,1815,1,0,0,1,3,1,1,2,9,79,2,3.0,385.0,300.0,155,64,349.0,89.0,89.0,160,0.0,1
277,Killington Resort,Vermont,4241,3050,1165,3,0,1,5,4,3,1,5,22,155,6,6.0,1515.0,600.0,192,61,250.0,119.0,119.0,136,0.0,1
278,Mad River Glen,Vermont,3637,2037,1600,0,0,0,0,0,2,2,1,5,52,0,1.0,115.0,16.0,134,71,228.0,57.92,64.17,135,0.0,1
279,Magic Mountain,Vermont,2850,1500,1350,0,0,0,0,0,0,3,3,6,50,1,1.6,205.0,95.0,76,59,150.0,74.0,74.0,80,0.0,1
280,Mount Snow,Vermont,3600,1700,1900,0,0,1,3,1,6,4,5,20,86,10,3.0,600.0,480.0,135,65,156.0,57.92,64.17,135,0.0,1
281,Okemo Mountain Resort,Vermont,3344,2200,1144,0,0,1,4,5,3,0,7,20,121,9,4.0,667.0,654.0,146,63,200.0,57.92,64.17,152,0.0,1
282,Pico Mountain ,Vermont,3967,1967,2000,0,0,0,2,0,2,2,1,7,59,1,4.0,260.0,156.0,137,82,250.0,81.0,81.0,136,0.0,1
283,Smugglers' Notch Resort,Vermont,3640,2610,1030,0,0,0,0,0,0,6,2,8,78,6,3.0,1000.0,192.0,136,63,280.0,79.0,79.0,135,0.0,1
284,Stowe Mountain Resort,Vermont,4395,2360,2035,2,0,0,0,4,2,2,2,12,116,0,3.7,485.0,388.0,155,86,314.0,57.92,64.17,137,0.0,1
285,Stratton Mountain,Vermont,3875,2003,1872,1,0,4,1,2,1,1,1,11,99,4,3.0,670.0,474.0,155,58,180.0,57.92,64.17,160,0.0,1
286,Sugarbush,Vermont,4083,2600,1483,0,0,0,5,5,2,1,3,16,111,4,3.0,581.0,406.0,150,61,250.0,119.0,119.0,156,0.0,1
287,Suicide Six,Vermont,1200,650,550,0,0,0,0,0,0,2,1,3,24,0,0.4,100.0,50.0,100,85,90.0,45.0,75.0,106,0.0,1
288,Bryce Resort,Virginia,1750,500,1250,0,0,0,0,1,0,1,5,7,8,0,0.4,25.0,25.0,100,54,30.0,43.0,68.0,95,20.0,1
289,Massanutten,Virginia,2925,1110,1750,0,0,0,0,3,1,0,3,7,13,2,0.8,70.0,70.0,68,46,35.0,57.92,64.17,97,70.0,1
290,The Homestead Ski Area,Virginia,3200,700,2500,0,0,0,0,0,0,1,1,2,10,0,1.0,45.0,100.0,91,60,50.0,57.92,64.17,100,0.0,1
291,Wintergreen Resort,Virginia,3515,1003,2512,0,0,2,0,1,1,1,0,5,27,2,1.0,129.0,129.0,107,44,34.0,59.0,64.17,121,45.0,1
292,49 Degrees North,Washington,5774,1851,3932,0,0,0,0,1,0,5,1,7,89,1,2.0,2325.0,27.8,101,48,301.0,62.0,62.0,135,250.0,2
293,Alpental,Washington,5420,2280,3140,0,0,0,1,0,0,3,1,5,24,0,1.2,825.0,27.8,120,52,428.0,57.92,64.17,144,121.0,2
294,Bluewood,Washington,5670,1125,4545,0,0,0,0,0,2,0,1,3,24,2,2.0,355.0,27.8,70,40,300.0,42.0,47.0,110,0.0,2
295,Crystal Mountain,Washington,7012,3100,4400,1,0,2,2,1,2,2,0,10,57,1,2.5,2600.0,10.0,114,57,486.0,99.0,99.0,131,0.0,2
296,Mission Ridge,Washington,6820,2250,4570,0,0,0,1,0,0,3,2,6,48,3,0.8,2000.0,66.0,104,53,200.0,57.92,64.17,96,500.0,2
297,Mt. Baker,Washington,5000,1500,3500,0,0,0,0,8,0,0,2,10,38,0,0.7,1000.0,27.8,143,66,663.0,53.75,60.01,165,0.0,2
298,Mt. Spokane Ski and Snowboard Park,Washington,5889,2000,4200,0,0,0,0,0,1,5,1,7,52,3,0.6,1704.0,27.8,100,81,300.0,45.0,59.0,103,45.0,2
299,Stevens Pass Resort,Washington,5845,1800,4061,0,0,0,3,0,4,3,0,10,52,4,1.0,1125.0,27.8,116,82,460.0,57.92,64.17,145,450.0,2
300,The Summit at Snoqualmie,Washington,3865,1025,2840,0,0,0,3,3,4,10,7,27,112,5,0.8,1994.0,5.0,120,82,428.0,85.0,95.0,140,541.0,1
301,White Pass,Washington,6550,2050,4500,0,0,0,2,1,1,2,2,8,45,2,2.5,1402.0,30.0,148,67,400.0,69.0,69.0,144,90.0,2
302,Canaan Valley Resort,West Virginia,4280,850,3430,0,0,0,0,1,2,0,1,4,47,1,1.2,95.0,75.0,114,48,160.0,52.0,68.0,93,0.0,1
303,Snowshoe Mountain Resort,West Virginia,4848,1500,3348,0,0,0,3,2,6,0,3,14,60,5,1.5,257.0,257.0,125,46,180.0,70.0,87.0,138,86.0,2
304,Timberline Four Seasons,West Virginia,4265,1000,3268,0,0,0,0,0,2,1,1,4,40,1,2.0,100.0,100.0,97,37,150.0,72.0,92.0,115,27.0,1
305,Winterplace Ski Resort,West Virginia,3600,603,2997,0,0,0,0,2,3,2,2,9,27,2,1.2,90.0,90.0,120,36,100.0,56.0,72.0,120,74.0,1
306,Alpine Valley Resort,Wisconsin,1040,388,820,0,0,0,3,0,3,1,5,12,21,3,0.2,90.0,90.0,100,55,80.0,56.0,65.0,120,90.0,1
307,Bruce Mound,Wisconsin,1375,375,1000,0,0,0,0,0,1,0,4,5,12,2,0.5,40.0,30.0,42,71,42.0,33.0,25.0,42,30.0,1
308,Cascade Mountain,Wisconsin,1280,460,820,0,0,0,2,2,3,2,3,12,47,4,1.1,175.0,175.0,120,57,56.0,59.0,64.0,120,0.0,1
309,Christie Mountain,Wisconsin,1650,350,1300,0,0,0,0,0,0,1,5,6,30,4,0.8,45.0,41.0,92,43,48.0,28.0,38.0,120,35.0,1
310,Christmas Mountain,Wisconsin,1250,250,1000,0,0,0,0,1,0,0,2,3,16,0,0.4,40.0,40.0,75,50,20.0,57.92,64.17,70,40.0,1
311,Devils Head,Wisconsin,995,500,495,0,0,0,0,3,1,6,2,12,27,1,1.0,260.0,260.0,110,48,45.0,45.0,65.0,135,200.0,1
312,Grand Geneva,Wisconsin,1086,211,875,0,0,0,0,0,0,3,3,6,20,1,0.2,30.0,30.0,90,25,25.0,28.0,49.0,93,30.0,1
313,Granite Peak Ski Area,Wisconsin,1942,700,1242,0,0,1,2,0,2,0,2,7,75,4,0.6,220.0,160.0,136,82,75.0,92.0,92.0,135,200.0,1
314,Little Switzerland,Wisconsin,1269,200,1069,0,0,0,0,0,0,4,4,8,18,3,1.0,50.0,50.0,101,58,61.5,33.0,41.0,108,50.0,1
315,Mount La Crosse,Wisconsin,1110,516,594,0,0,0,0,0,0,3,1,4,19,1,0.4,100.0,100.0,115,60,40.0,56.0,56.0,100,90.0,1
316,Nordic Mountain,Wisconsin,1137,265,872,0,0,0,0,0,1,1,5,7,18,4,1.0,60.0,60.0,68,43,80.0,57.92,47.0,90,60.0,1
317,Sunburst,Wisconsin,1100,214,866,0,0,0,0,0,0,3,6,9,13,4,0.5,37.0,37.0,99,59,50.0,33.0,44.0,115,37.0,1
318,Trollhaugen,Wisconsin,1200,260,920,0,0,0,0,2,0,1,5,8,24,4,0.5,86.0,86.0,130,69,50.0,54.0,54.0,120,86.0,1
319,Tyrol Basin,Wisconsin,1160,300,860,0,0,0,0,0,3,0,2,5,18,5,0.5,32.0,32.0,112,61,41.0,17.0,48.0,103,32.0,1
320,Whitecap Mountain,Wisconsin,1750,400,1295,0,0,0,0,1,0,4,0,5,43,1,1.0,400.0,300.0,105,57,200.0,60.0,60.0,118,0.0,1
321,Wilmot Mountain,Wisconsin,1030,230,800,0,0,0,0,3,2,2,3,10,23,2,0.5,135.0,135.0,125,81,70.0,56.0,66.0,139,135.0,1
322,Grand Targhee Resort,Wyoming,9920,2270,7851,0,0,0,2,2,0,0,1,5,95,1,2.7,2602.0,105.0,152,50,500.0,90.0,90.0,152,0.0,0
323,Hogadon Basin,Wyoming,8000,640,7400,0,0,0,0,0,0,1,1,2,28,1,0.6,92.0,32.0,121,61,80.0,48.0,48.0,95,0.0,2
324,Jackson Hole,Wyoming,10450,4139,6311,3,0,0,4,4,1,2,1,15,130,6,4.5,2500.0,195.0,130,54,459.0,57.92,64.17,133,0.0,0
325,Meadowlark Ski Lodge,Wyoming,9500,1000,8500,0,0,0,0,0,1,1,1,3,14,1,1.5,300.0,105.0,119,9,292.7,57.92,64.17,116,0.0,0
326,Sleeping Giant Ski Resort,Wyoming,7428,810,6619,0,0,0,0,0,1,1,1,3,48,1,1.0,184.0,18.0,61,81,310.0,42.0,42.0,77,0.0,2
327,Snow King Resort,Wyoming,7808,1571,6237,0,0,0,0,1,1,1,0,3,32,2,1.0,400.0,250.0,121,80,300.0,59.0,59.0,123,110.0,2
328,Snowy Range Ski & Recreation Area,Wyoming,9663,990,8798,0,0,0,0,0,1,3,1,5,33,2,0.7,75.0,30.0,131,59,250.0,49.0,49.0,116,0.0,0
329,White Pine Ski Area,Wyoming,9500,1100,8400,0,0,0,0,0,2,0,0,2,25,0,0.4,370.0,105.0,119,81,150.0,57.92,49.0,116,0.0,0
